{
  "generated_by": {
    "program": "augur",
    "version": "19.2.0"
  },
  "models": {
    "country": {
      "alphabet": [
        "Bangladesh",
        "China",
        "Egypt",
        "Japan",
        "Laos",
        "Thailand",
        "Vietnam",
        "?"
      ],
      "equilibrium_probabilities": [
        0.13768102928066378,
        0.18381669695148783,
        0.1323090436695412,
        0.13068668044741816,
        0.13040259208700247,
        0.12136379624639484,
        0.16374016131749186
      ],
      "rate": 38.147274257162024,
      "transition_matrix": [
        [
          0.0,
          1.1429625971554354,
          0.9237205858085002,
          1.1129219636748466,
          0.9215749807646418,
          0.9307080513100436,
          1.0185650199047687
        ],
        [
          1.1429625971554354,
          0.0,
          1.439605014230434,
          1.3896595030912162,
          1.276697086131925,
          1.6096429491139734,
          1.5996164086872788
        ],
        [
          0.9237205858085002,
          1.439605014230434,
          0.0,
          0.9356973657465124,
          0.9204217484317779,
          1.0276666210729553,
          0.9407103954114101
        ],
        [
          1.1129219636748466,
          1.3896595030912162,
          0.9356973657465124,
          0.0,
          0.9251426958329729,
          0.9446462464374722,
          1.3429784257804165
        ],
        [
          0.9215749807646418,
          1.276697086131925,
          0.9204217484317779,
          0.9251426958329729,
          0.0,
          0.9274164646024615,
          1.2050197505588585
        ],
        [
          0.9307080513100436,
          1.6096429491139734,
          1.0276666210729553,
          0.9446462464374722,
          0.9274164646024615,
          0.0,
          1.3725024542641298
        ],
        [
          1.0185650199047687,
          1.5996164086872788,
          0.9407103954114101,
          1.3429784257804165,
          1.2050197505588585,
          1.3725024542641298,
          0.0
        ]
      ]
    },
    "region": {
      "alphabet": [
        "Africa",
        "China",
        "Japan Korea",
        "South Asia",
        "Southeast Asia",
        "?"
      ],
      "equilibrium_probabilities": [
        0.18465312716099785,
        0.2232693731201101,
        0.17816077206403144,
        0.18946943205057362,
        0.22444729560428703
      ],
      "rate": 24.43673461468816,
      "transition_matrix": [
        [
          0.0,
          1.2731604344132303,
          0.8867592393592894,
          0.880368046518222,
          0.9959409342708634
        ],
        [
          1.2731604344132303,
          0.0,
          1.2250561795179233,
          1.0770744459610377,
          2.4601743686926087
        ],
        [
          0.8867592393592894,
          1.2250561795179233,
          0.0,
          1.0332720606231691,
          1.2774087766028148
        ],
        [
          0.880368046518222,
          1.0770744459610377,
          1.0332720606231691,
          0.0,
          1.0046393972359287
        ],
        [
          0.9959409342708634,
          2.4601743686926087,
          1.2774087766028148,
          1.0046393972359287,
          0.0
        ]
      ]
    }
  },
  "nodes": {
    "A/Guangxi/1/2005": {
      "country": "China",
      "country_confidence": {
        "China": 1.0
      },
      "country_entropy": -1.000088900581841e-12,
      "region": "China",
      "region_confidence": {
        "China": 0.9999999999999999
      },
      "region_entropy": -9.99866855976916e-13
    },
    "A/Vietnam/UT36250_1/2010": {
      "country": "Vietnam",
      "country_confidence": {
        "Vietnam": 1.0
      },
      "country_entropy": -1.000088900581841e-12,
      "region": "Southeast Asia",
      "region_confidence": {
        "Southeast Asia": 1.0
      },
      "region_entropy": -1.000088900581841e-12
    },
    "A/chicken/Chiba/1/2011": {
      "country": "Japan",
      "country_confidence": {
        "Japan": 1.0
      },
      "country_entropy": -1.000088900581841e-12,
      "region": "Japan Korea",
      "region_confidence": {
        "Japan Korea": 1.0
      },
      "region_entropy": -1.000088900581841e-12
    },
    "A/chicken/Egypt/0813_NLQP/2008": {
      "country": "Egypt",
      "country_confidence": {
        "Egypt": 1.0
      },
      "country_entropy": -1.000088900581841e-12,
      "region": "Africa",
      "region_confidence": {
        "Africa": 1.0
      },
      "region_entropy": -1.000088900581841e-12
    },
    "A/chicken/Egypt/083/2008": {
      "country": "Egypt",
      "country_confidence": {
        "Egypt": 1.0
      },
      "country_entropy": -1.000088900581841e-12,
      "region": "Africa",
      "region_confidence": {
        "Africa": 1.0
      },
      "region_entropy": -1.000088900581841e-12
    },
    "A/chicken/Egypt/CL6/2007": {
      "country": "Egypt",
      "country_confidence": {
        "Egypt": 0.9999999999999999
      },
      "country_entropy": -9.99866855976916e-13,
      "region": "Africa",
      "region_confidence": {
        "Africa": 0.9999999999999999
      },
      "region_entropy": -9.99866855976916e-13
    },
    "A/chicken/Vietnam/NCVD14_A459/2014": {
      "country": "Vietnam",
      "country_confidence": {
        "Vietnam": 1.0
      },
      "country_entropy": -1.000088900581841e-12,
      "region": "Southeast Asia",
      "region_confidence": {
        "Southeast Asia": 1.0
      },
      "region_entropy": -1.000088900581841e-12
    },
    "A/duck/Bangladesh/34752/2018": {
      "country": "Bangladesh",
      "country_confidence": {
        "Bangladesh": 1.0
      },
      "country_entropy": -1.000088900581841e-12,
      "region": "South Asia",
      "region_confidence": {
        "South Asia": 1.0
      },
      "region_entropy": -1.000088900581841e-12
    },
    "A/duck/Lao/6/2010": {
      "country": "Laos",
      "country_confidence": {
        "Laos": 1.0
      },
      "country_entropy": -1.000088900581841e-12,
      "region": "Southeast Asia",
      "region_confidence": {
        "Southeast Asia": 1.0
      },
      "region_entropy": -1.000088900581841e-12
    },
    "A/duck/Vietnam/NCVD_2745/2013": {
      "country": "Vietnam",
      "country_confidence": {
        "Vietnam": 1.0
      },
      "country_entropy": -1.000088900581841e-12,
      "region": "Southeast Asia",
      "region_confidence": {
        "Southeast Asia": 1.0
      },
      "region_entropy": -1.000088900581841e-12
    },
    "A/environment/Guizhou/9/2009": {
      "country": "China",
      "country_confidence": {
        "China": 1.0
      },
      "country_entropy": -1.000088900581841e-12,
      "region": "China",
      "region_confidence": {
        "China": 1.0
      },
      "region_entropy": -1.000088900581841e-12
    },
    "A/environment/Hunan/1_35/2007": {
      "country": "China",
      "country_confidence": {
        "China": 1.0
      },
      "country_entropy": -1.000088900581841e-12,
      "region": "China",
      "region_confidence": {
        "China": 1.0
      },
      "region_entropy": -1.000088900581841e-12
    },
    "A/environment/Hunan/1_8/2007": {
      "country": "China",
      "country_confidence": {
        "China": 1.0
      },
      "country_entropy": -1.000088900581841e-12,
      "region": "China",
      "region_confidence": {
        "China": 1.0
      },
      "region_entropy": -1.000088900581841e-12
    },
    "A/muscovy_duck/Vietnam/LBM335/2013": {
      "country": "Vietnam",
      "country_confidence": {
        "Vietnam": 1.0
      },
      "country_entropy": -1.000088900581841e-12,
      "region": "Southeast Asia",
      "region_confidence": {
        "Southeast Asia": 1.0
      },
      "region_entropy": -1.000088900581841e-12
    },
    "A/openbill_stork/Thailand/VSMU_4_NSN/2004": {
      "country": "Thailand",
      "country_confidence": {
        "Thailand": 1.0
      },